[
  {
    "version": "dev",
    "url": "https://pydata-sphinx-theme.readthedocs.io/en/latest/"
  },
  {
    "name": "0.16.0rc0",
    "version": "v0.16.0rc0",
    "url": "https://pydata-sphinx-theme.readthedocs.io/en/stable/"
  },
  {
    "name": "0.15.4 (stable)",
    "version": "v0.15.4",
    "url": "https://pydata-sphinx-theme.readthedocs.io/en/stable/",
    "preferred": true
  },
  {
    "name": "0.14.4",
    "version": "v0.14.4",
    "url": "https://pydata-sphinx-theme.readthedocs.io/en/v0.14.4/"
  },
  {
    "name": "0.13.3",
    "version": "v0.13.3",
    "url": "https://pydata-sphinx-theme.readthedocs.io/en/v0.13.3/"
  },
  {
    "name": "0.12.0",
    "version": "v0.12.0",
    "url": "https://pydata-sphinx-theme.readthedocs.io/en/v0.12.0/"
  },
  {
    "name": "0.11.0",
    "version": "v0.11.0",
    "url": "https://pydata-sphinx-theme.readthedocs.io/en/v0.11.0/"
  }
]
