<?xml version="1.0" encoding="UTF-8"?>
<!--
    Copyright 2018 The MIT Internet Trust Consortium
   
    Portions copyright 2011-2013 The MITRE Corporation
   
    Licensed under the Apache License, Version 2.0 (the "License");
    you may not use this file except in compliance with the License.
    You may obtain a copy of the License at
   
      http://www.apache.org/licenses/LICENSE-2.0
   
    Unless required by applicable law or agreed to in writing, software
    distributed under the License is distributed on an "AS IS" BASIS,
    WITHOUT WARRANTIES OR CONDITIONS OF ANY KIND, either express or implied.
    See the License for the specific language governing permissions and
    limitations under the License.
 -->
<beans xmlns="http://www.springframework.org/schema/beans"
	xmlns:mvc="http://www.springframework.org/schema/mvc"
	xmlns:xsi="http://www.w3.org/2001/XMLSchema-instance"
	xmlns:tx="http://www.springframework.org/schema/tx"
	xmlns:context="http://www.springframework.org/schema/context"
	xmlns:security="http://www.springframework.org/schema/security"
	xmlns:oauth="http://www.springframework.org/schema/security/oauth2"
	xsi:schemaLocation="http://www.springframework.org/schema/security/oauth2 http://www.springframework.org/schema/security/spring-security-oauth2-2.0.xsd
		http://www.springframework.org/schema/mvc http://www.springframework.org/schema/mvc/spring-mvc-4.3.xsd
		http://www.springframework.org/schema/security http://www.springframework.org/schema/security/spring-security-4.2.xsd
		http://www.springframework.org/schema/beans http://www.springframework.org/schema/beans/spring-beans-4.3.xsd
		http://www.springframework.org/schema/tx http://www.springframework.org/schema/tx/spring-tx-4.3.xsd
		http://www.springframework.org/schema/context http://www.springframework.org/schema/context/spring-context-4.3.xsd">

	<bean id="defaultKeyStore" class="org.mitre.jose.keystore.JWKSetKeyStore">
		<property name="location" value="classpath:keystore.jwks" />
	</bean>
	
	<bean id="defaultsignerService" class="org.mitre.jwt.signer.service.impl.DefaultJWTSigningAndValidationService">
		<constructor-arg name="keyStore" ref="defaultKeyStore" />
		<property name="defaultSignerKeyId" value="rsa1" />
 		<property name="defaultSigningAlgorithmName" value="RS256" />
	</bean>

	<bean id="defaultEncryptionService" class="org.mitre.jwt.encryption.service.impl.DefaultJWTEncryptionAndDecryptionService">
		<constructor-arg name="keyStore" ref="defaultKeyStore" />
		<property name="defaultAlgorithm" value="RSA1_5" />
		<property name="defaultDecryptionKeyId" value="rsa1" />
		<property name="defaultEncryptionKeyId" value="rsa1" />
	</bean>

</beans>
